

INSERT INTO public.songs (id, name, author, lasting, raiting, gengre)
VALUES (1, 'Smells Like Teen Spirit', 'Nirvana', 301.656856, null, null);
INSERT INTO public.songs (id, name, author, lasting, raiting, gengre)
VALUES (2, 'In Bloom', 'Nirvana', 254.95072, null, null);
INSERT INTO public.songs (id, name, author, lasting, raiting, gengre)
VALUES (3, 'Come As You Are', 'Nirvana', 219.398678, null, null);
INSERT INTO public.songs (id, name, author, lasting, raiting, gengre)
VALUES (4, 'Breed', 'Nirvana', 183.63766, null, null);
INSERT INTO public.songs (id, name, author, lasting, raiting, gengre)
VALUES (5, 'Lithium', 'Nirvana', 257.014358, null, null);
INSERT INTO public.songs (id, name, author, lasting, raiting, gengre)
VALUES (6, 'Polly', 'Nirvana', 177.054916, null, null);
INSERT INTO public.songs (id, name, author, lasting, raiting, gengre)
VALUES (7, 'Territorial Pissings', 'Nirvana', 143.383658, null, null);
INSERT INTO public.songs (id, name, author, lasting, raiting, gengre)
VALUES (8, 'Drain You', 'Nirvana', 223.917784, null, null);
INSERT INTO public.songs (id, name, author, lasting, raiting, gengre)
VALUES (9, 'Lounge Act', 'Nirvana', 156.627512, null, null);
INSERT INTO public.songs (id, name, author, lasting, raiting, gengre)
VALUES (10, 'Stay Away', 'Nirvana', 212.528592, null, null);
INSERT INTO public.songs (id, name, author, lasting, raiting, gengre)
VALUES (11, 'On A Plain', 'Nirvana', 196.411318, null, null);
INSERT INTO public.songs (id, name, author, lasting, raiting, gengre)
VALUES (12, 'Something In The Way', 'Nirvana', 229.61238, null, null);
INSERT INTO public.songs (id, name, author, lasting, raiting, gengre)
VALUES (13, 'Endless', 'Nirvana', 407.006882, null, null);
INSERT INTO public.songs (id, name, author, lasting, raiting, gengre)
VALUES (14, 'No Good', 'KALEO', 236.116758, null, null);
INSERT INTO public.songs (id, name, author, lasting, raiting, gengre)
VALUES (15, 'Way Down We Go', 'KALEO', 219.633776, null, null);
INSERT INTO public.songs (id, name, author, lasting, raiting, gengre)
VALUES (16, 'Broken Bones', 'KALEO', 246.016996, null, null);
INSERT INTO public.songs (id, name, author, lasting, raiting, gengre)
VALUES (17, 'Glass House', 'KALEO', 241.602378, null, null);
INSERT INTO public.songs (id, name, author, lasting, raiting, gengre)
VALUES (18, 'Hot Blood', 'KALEO', 218.667262, null, null);
INSERT INTO public.songs (id, name, author, lasting, raiting, gengre)
VALUES (19, 'All The Pretty Girls', 'KALEO', 269.944748, null, null);
INSERT INTO public.songs (id, name, author, lasting, raiting, gengre)
VALUES (20, 'Automobile', 'KALEO', 186.981276, null, null);
INSERT INTO public.songs (id, name, author, lasting, raiting, gengre)
VALUES (21, 'Vor I Vaglaskogi', 'KALEO', 277.337274, null, null);
INSERT INTO public.songs (id, name, author, lasting, raiting, gengre)
VALUES (22, 'Save Yourself', 'KALEO', 273.941414, null, null);
INSERT INTO public.songs (id, name, author, lasting, raiting, gengre)
VALUES (23, 'I Can''t Go On Without You', 'KALEO', 377.07107, null, null);
INSERT INTO public.songs (id, name, author, lasting, raiting, gengre)
VALUES (24, 'No Good (Live) [bonus track]', 'KALEO', 238.62447, null, null);
INSERT INTO public.songs (id, name, author, lasting, raiting, gengre)
VALUES (25, 'Way Down We Go (Stripped) [bonus track]', 'KALEO', 208.296828, null, null);

INSERT INTO public.songs_data (id, song_id, author_id, song_name, picture_id)
VALUES (1, 1, 2, '01. Smells Like Teen Spirit.mp3', 673);
INSERT INTO public.songs_data (id, song_id, author_id, song_name, picture_id)
VALUES (2, 2, 2, '02. In Bloom.mp3', 903);
INSERT INTO public.songs_data (id, song_id, author_id, song_name, picture_id)
VALUES (3, 3, 2, '03. Come As You Are.mp3', 1219);
INSERT INTO public.songs_data (id, song_id, author_id, song_name, picture_id)
VALUES (4, 4, 2, '04. Breed.mp3', 218);
INSERT INTO public.songs_data (id, song_id, author_id, song_name, picture_id)
VALUES (5, 5, 2, '05. Lithium.mp3', 490);
INSERT INTO public.songs_data (id, song_id, author_id, song_name, picture_id)
VALUES (6, 6, 2, '06. Polly.mp3', 742);
INSERT INTO public.songs_data (id, song_id, author_id, song_name, picture_id)
VALUES (7, 7, 2, '07. Territorial Pissings.mp3', 952);
INSERT INTO public.songs_data (id, song_id, author_id, song_name, picture_id)
VALUES (8, 8, 2, '08. Drain You.mp3', 1225);
INSERT INTO public.songs_data (id, song_id, author_id, song_name, picture_id)
VALUES (9, 9, 2, '09. Lounge Act.mp3', 224);
INSERT INTO public.songs_data (id, song_id, author_id, song_name, picture_id)
VALUES (10, 10, 2, '10. Stay Away.mp3', 498);
INSERT INTO public.songs_data (id, song_id, author_id, song_name, picture_id)
VALUES (11, 11, 2, '11. On A Plain.mp3', 750);
INSERT INTO public.songs_data (id, song_id, author_id, song_name, picture_id)
VALUES (12, 12, 2, '12. Something In The Way.mp3', 959);
INSERT INTO public.songs_data (id, song_id, author_id, song_name, picture_id)
VALUES (13, 13, 2, '13. Endless, Nameless (Hidden Track).mp3', 1380);
INSERT INTO public.songs_data (id, song_id, author_id, song_name, picture_id)
VALUES (14, 14, 6, '01 No Good.mp3', 336);
INSERT INTO public.songs_data (id, song_id, author_id, song_name, picture_id)
VALUES (15, 15, 6, '02 Way Down We Go.mp3', 525);
INSERT INTO public.songs_data (id, song_id, author_id, song_name, picture_id)
VALUES (16, 16, 6, '03 Broken Bones.mp3', 757);
INSERT INTO public.songs_data (id, song_id, author_id, song_name, picture_id)
VALUES (17, 17, 6, '04 Glass House.mp3', 945);
INSERT INTO public.songs_data (id, song_id, author_id, song_name, picture_id)
VALUES (18, 18, 6, '05 Hot Blood.mp3', 1176);
INSERT INTO public.songs_data (id, song_id, author_id, song_name, picture_id)
VALUES (19, 19, 6, '06 All The Pretty Girls.mp3', 175);
INSERT INTO public.songs_data (id, song_id, author_id, song_name, picture_id)
VALUES (20, 20, 6, '07 Automobile.mp3', 406);
INSERT INTO public.songs_data (id, song_id, author_id, song_name, picture_id)
VALUES (21, 21, 6, '08 Vor I Vaglaskogi.mp3', 700);
INSERT INTO public.songs_data (id, song_id, author_id, song_name, picture_id)
VALUES (22, 22, 6, '09 Save Yourself.mp3', 910);
INSERT INTO public.songs_data (id, song_id, author_id, song_name, picture_id)
VALUES (23, 23, 6, '10 I Can''t Go On Without You.mp3', 1162);
INSERT INTO public.songs_data (id, song_id, author_id, song_name, picture_id)
VALUES (24, 24, 6, '11 No Good (Live) [bonus track].mp3', 120);
INSERT INTO public.songs_data (id, song_id, author_id, song_name, picture_id)
VALUES (25, 25, 6, '12 Way Down We Go (Stripped) [bonus track].mp3', 371);

INSERT INTO public.songs_m2m_post (post_id, song_data_id)
VALUES (26, 3);
INSERT INTO public.songs_m2m_post (post_id, song_data_id)
VALUES (26, 2);
INSERT INTO public.songs_m2m_post (post_id, song_data_id)
VALUES (26, 1);
INSERT INTO public.songs_m2m_post (post_id, song_data_id)
VALUES (26, 4);
INSERT INTO public.songs_m2m_post (post_id, song_data_id)
VALUES (26, 5);
INSERT INTO public.songs_m2m_post (post_id, song_data_id)
VALUES (27, 6);
INSERT INTO public.songs_m2m_post (post_id, song_data_id)
VALUES (27, 9);
INSERT INTO public.songs_m2m_post (post_id, song_data_id)
VALUES (27, 7);
INSERT INTO public.songs_m2m_post (post_id, song_data_id)
VALUES (27, 10);
INSERT INTO public.songs_m2m_post (post_id, song_data_id)
VALUES (27, 8);
INSERT INTO public.songs_m2m_post (post_id, song_data_id)
VALUES (28, 11);
INSERT INTO public.songs_m2m_post (post_id, song_data_id)
VALUES (28, 13);
INSERT INTO public.songs_m2m_post (post_id, song_data_id)
VALUES (28, 12);
INSERT INTO public.songs_m2m_post (post_id, song_data_id)
VALUES (29, 16);
INSERT INTO public.songs_m2m_post (post_id, song_data_id)
VALUES (29, 14);
INSERT INTO public.songs_m2m_post (post_id, song_data_id)
VALUES (29, 15);
INSERT INTO public.songs_m2m_post (post_id, song_data_id)
VALUES (29, 17);
INSERT INTO public.songs_m2m_post (post_id, song_data_id)
VALUES (29, 19);
INSERT INTO public.songs_m2m_post (post_id, song_data_id)
VALUES (29, 18);
INSERT INTO public.songs_m2m_post (post_id, song_data_id)
VALUES (30, 20);
INSERT INTO public.songs_m2m_post (post_id, song_data_id)
VALUES (30, 21);
INSERT INTO public.songs_m2m_post (post_id, song_data_id)
VALUES (30, 22);
INSERT INTO public.songs_m2m_post (post_id, song_data_id)
VALUES (30, 23);
INSERT INTO public.songs_m2m_post (post_id, song_data_id)
VALUES (31, 24);
INSERT INTO public.songs_m2m_post (post_id, song_data_id)
VALUES (31, 25);
INSERT INTO public.songs_m2m_post (post_id, song_data_id)
VALUES (32, 12);
INSERT INTO public.songs_m2m_post (post_id, song_data_id)
VALUES (33, 1);


INSERT INTO public.posts (id, author_id, message, picture_id, song_name, timestamp)
VALUES (26, 2, 'Новый альбом ч1', 819, '', '2022-05-02 19:30:29.917380');
INSERT INTO public.posts (id, author_id, message, picture_id, song_name, timestamp)
VALUES (27, 2, 'Новый альбом ч2', 343, '', '2022-05-02 19:31:06.529088');
INSERT INTO public.posts (id, author_id, message, picture_id, song_name, timestamp)
VALUES (28, 2, 'Новый альбом ч3', 869, '', '2022-05-02 19:31:31.340149');
INSERT INTO public.posts (id, author_id, message, picture_id, song_name, timestamp)
VALUES (29, 6, 'Альбом A/B ч1', 1078, '', '2022-05-02 20:10:48.342107');
INSERT INTO public.posts (id, author_id, message, picture_id, song_name, timestamp)
VALUES (30, 6, 'Альбом A/B ч2', 896, '', '2022-05-02 20:11:39.363646');
INSERT INTO public.posts (id, author_id, message, picture_id, song_name, timestamp)
VALUES (31, 6, 'Бонусные треки', 421, '', '2022-05-02 20:12:16.225681');
INSERT INTO public.posts (id, author_id, message, picture_id, song_name, timestamp)
VALUES (32, 4, 'Мой любимый трек)))', 693, '', '2022-05-02 22:39:20.813983');
INSERT INTO public.posts (id, author_id, message, picture_id, song_name, timestamp)
VALUES (33, 6, 'Лучшее от нирваны', 1135, '', '2022-05-03 01:30:43.231000');


INSERT INTO public.users_data (id, name, picture_id)
VALUES (2, 'Nirvana', 1);
INSERT INTO public.users_data (id, name, picture_id)
VALUES (3, 'alexs', 12);
INSERT INTO public.users_data (id, name, picture_id)
VALUES (4, 'olegsidor538', 13);
INSERT INTO public.users_data (id, name, picture_id)
VALUES (6, 'KALEO', 999);


INSERT INTO public.pictures (id, name)
VALUES (126, 'front.png');
INSERT INTO public.pictures (id, name)
VALUES (420, 'front.png');
INSERT INTO public.pictures (id, name)
VALUES (714, 'front.png');
INSERT INTO public.pictures (id, name)
VALUES (966, 'front.png');
INSERT INTO public.pictures (id, name)
VALUES (133, 'front.png');
INSERT INTO public.pictures (id, name)
VALUES (77, 'front.png');
INSERT INTO public.pictures (id, name)
VALUES (1113, 'front.png');
INSERT INTO public.pictures (id, name)
VALUES (1379, 'front.png');
INSERT INTO public.pictures (id, name)
VALUES (1218, 'front.png');
INSERT INTO public.pictures (id, name)
VALUES (1085, 'front.png');
INSERT INTO public.pictures (id, name)
VALUES (294, 'logoalexs.png');
INSERT INTO public.pictures (id, name)
VALUES (999, 'kaleoava.png');
INSERT INTO public.pictures (id, name)
VALUES (1, 'front.png');
INSERT INTO public.pictures (id, name)
VALUES (13, 'radio.png');
INSERT INTO public.pictures (id, name)
VALUES (868, 'folder.png');
INSERT INTO public.pictures (id, name)
VALUES (497, 'folder.png');
INSERT INTO public.pictures (id, name)
VALUES (749, 'folder.png');
INSERT INTO public.pictures (id, name)
VALUES (1148, 'folder.png');
INSERT INTO public.pictures (id, name)
VALUES (168, 'folder.png');
INSERT INTO public.pictures (id, name)
VALUES (483, 'folder.png');
INSERT INTO public.pictures (id, name)
VALUES (1533, 'logoalexs.png');
INSERT INTO public.pictures (id, name)
VALUES (12, 'alexava.png');
INSERT INTO public.pictures (id, name)
VALUES (1519, 'logoalexs.png');
INSERT INTO public.pictures (id, name)
VALUES (581, 'logoalexs.png');
INSERT INTO public.pictures (id, name)
VALUES (770, 'image_2021-12-23_19-31-42.png');
INSERT INTO public.pictures (id, name)
VALUES (756, 'image_2021-05-20_02-01-42.png');
INSERT INTO public.pictures (id, name)
VALUES (840, 'image_2021-06-14_01-10-55.png');
INSERT INTO public.pictures (id, name)
VALUES (637, 'image_2021-06-14_01-14-02.png');
INSERT INTO public.pictures (id, name)
VALUES (715, 'front.png');
INSERT INTO public.pictures (id, name)
VALUES (546, 'folder.png');
INSERT INTO public.pictures (id, name)
VALUES (553, 'Chart.png');
INSERT INTO public.pictures (id, name)
VALUES (980, '');
INSERT INTO public.pictures (id, name)
VALUES (1205, 'nirvanaalbom.png');
INSERT INTO public.pictures (id, name)
VALUES (287, 'nirvanaalbom.png');
INSERT INTO public.pictures (id, name)
VALUES (518, 'nirvanaalbom.png');
INSERT INTO public.pictures (id, name)
VALUES (938, 'nirvanaalbom.png');
INSERT INTO public.pictures (id, name)
VALUES (1211, 'nirvanaalbom.png');
INSERT INTO public.pictures (id, name)
VALUES (189, 'nirvanaalbom.png');
INSERT INTO public.pictures (id, name)
VALUES (441, 'nirvanaalbom.png');
INSERT INTO public.pictures (id, name)
VALUES (672, 'nirvanaalbom.png');
INSERT INTO public.pictures (id, name)
VALUES (882, 'nirvanaalbom.png');
INSERT INTO public.pictures (id, name)
VALUES (1114, 'nirvanaalbom.png');
INSERT INTO public.pictures (id, name)
VALUES (595, 'nirvanaalbom.png');
INSERT INTO public.pictures (id, name)
VALUES (217, 'nirvanaalbom.png');
INSERT INTO public.pictures (id, name)
VALUES (288, '');
INSERT INTO public.pictures (id, name)
VALUES (673, 'nirvanaalbom.png');
INSERT INTO public.pictures (id, name)
VALUES (903, 'nirvanaalbom.png');
INSERT INTO public.pictures (id, name)
VALUES (1219, 'nirvanaalbom.png');
INSERT INTO public.pictures (id, name)
VALUES (218, 'nirvanaalbom.png');
INSERT INTO public.pictures (id, name)
VALUES (490, 'nirvanaalbom.png');
INSERT INTO public.pictures (id, name)
VALUES (742, 'nirvanaalbom.png');
INSERT INTO public.pictures (id, name)
VALUES (952, 'nirvanaalbom.png');
INSERT INTO public.pictures (id, name)
VALUES (1225, 'nirvanaalbom.png');
INSERT INTO public.pictures (id, name)
VALUES (224, 'nirvanaalbom.png');
INSERT INTO public.pictures (id, name)
VALUES (498, 'nirvanaalbom.png');
INSERT INTO public.pictures (id, name)
VALUES (750, 'nirvanaalbom.png');
INSERT INTO public.pictures (id, name)
VALUES (959, 'nirvanaalbom.png');
INSERT INTO public.pictures (id, name)
VALUES (1380, 'nirvanaalbom.png');
INSERT INTO public.pictures (id, name)
VALUES (819, 'nirvanaalbom.png');
INSERT INTO public.pictures (id, name)
VALUES (343, 'nirvanaalbom.png');
INSERT INTO public.pictures (id, name)
VALUES (869, 'nirvanaalbom.png');
INSERT INTO public.pictures (id, name)
VALUES (336, 'folder.png');
INSERT INTO public.pictures (id, name)
VALUES (525, 'folder.png');
INSERT INTO public.pictures (id, name)
VALUES (757, 'folder.png');
INSERT INTO public.pictures (id, name)
VALUES (945, 'folder.png');
INSERT INTO public.pictures (id, name)
VALUES (1176, 'folder.png');
INSERT INTO public.pictures (id, name)
VALUES (175, 'folder.png');
INSERT INTO public.pictures (id, name)
VALUES (406, 'folder.png');
INSERT INTO public.pictures (id, name)
VALUES (700, 'folder.png');
INSERT INTO public.pictures (id, name)
VALUES (910, 'folder.png');
INSERT INTO public.pictures (id, name)
VALUES (1162, 'folder.png');
INSERT INTO public.pictures (id, name)
VALUES (120, 'folder.png');
INSERT INTO public.pictures (id, name)
VALUES (371, 'folder.png');
INSERT INTO public.pictures (id, name)
VALUES (1078, 'ablogo.png');
INSERT INTO public.pictures (id, name)
VALUES (896, 'ablogo.png');
INSERT INTO public.pictures (id, name)
VALUES (421, 'folder.png');
INSERT INTO public.pictures (id, name)
VALUES (693, '');
INSERT INTO public.pictures (id, name)
VALUES (1135, '');

INSERT INTO public.clients_data (id, user_id, login, h_pass, is_online)
VALUES (2, 2, 'nirvana', '202cb962ac59075b964b07152d234b70', false);



