INSERT INTO public.clients_data (id, user_id, login, h_pass, is_online) VALUES (2, 2, 'nirvana', '202cb962ac59075b964b07152d234b70', false);

INSERT INTO public.comments (id, post_id, author_id, timestamp, message, author) VALUES (1, 1, 2, '2022-04-28 14:11:17.384779', '11111', 'none');
INSERT INTO public.comments (id, post_id, author_id, timestamp, message, author) VALUES (2, 1, 2, '2022-04-28 14:11:29.627042', '22222', 'none');
INSERT INTO public.comments (id, post_id, author_id, timestamp, message, author) VALUES (3, 1, 2, '2022-04-28 14:51:20.126806', '333333', 'none');
INSERT INTO public.comments (id, post_id, author_id, timestamp, message, author) VALUES (4, 10, 2, '2022-04-28 15:17:58.276955', 'agagagag', 'none');
INSERT INTO public.comments (id, post_id, author_id, timestamp, message, author) VALUES (5, 1, 2, '2022-04-29 22:29:25.494232', '444444', 'none');
INSERT INTO public.comments (id, post_id, author_id, timestamp, message, author) VALUES (6, 11, 2, '2022-04-30 17:25:27.620627', 'Красивоооооо', 'none');
INSERT INTO public.comments (id, post_id, author_id, timestamp, message, author) VALUES (11, 12, 2, '2022-04-30 22:48:01.609890', 'Ошибка решена ', 'none');
INSERT INTO public.comments (id, post_id, author_id, timestamp, message, author) VALUES (12, 12, 2, '2022-05-01 01:52:59.802836', 'пробую лайки', 'none');
INSERT INTO public.comments (id, post_id, author_id, timestamp, message, author) VALUES (13, 12, 6, '2022-05-01 11:28:53.236320', '???', 'none');
INSERT INTO public.comments (id, post_id, author_id, timestamp, message, author) VALUES (14, 15, 3, '2022-05-01 11:50:28.373176', 'Мой комент ', 'none');
INSERT INTO public.comments (id, post_id, author_id, timestamp, message, author) VALUES (15, 12, 3, '2022-05-01 11:51:14.163971', 'комент от алекса', 'none');
INSERT INTO public.comments (id, post_id, author_id, timestamp, message, author) VALUES (16, 14, 3, '2022-05-01 11:56:08.282703', 'a?', 'none');
INSERT INTO public.comments (id, post_id, author_id, timestamp, message, author) VALUES (17, 12, 3, '2022-05-01 11:58:18.724322', 'еще один комент', 'none');
INSERT INTO public.comments (id, post_id, author_id, timestamp, message, author) VALUES (18, 12, 2, '2022-05-01 12:03:35.651496', '1', 'none');
INSERT INTO public.comments (id, post_id, author_id, timestamp, message, author) VALUES (19, 11, 2, '2022-05-01 12:04:40.269674', 'ffffff', 'none');
INSERT INTO public.comments (id, post_id, author_id, timestamp, message, author) VALUES (20, 7, 2, '2022-05-01 12:04:44.768874', '1', 'none');
INSERT INTO public.comments (id, post_id, author_id, timestamp, message, author) VALUES (21, 7, 2, '2022-05-01 12:04:46.579494', '2', 'none');
INSERT INTO public.comments (id, post_id, author_id, timestamp, message, author) VALUES (22, 7, 2, '2022-05-01 12:04:49.015426', '3', 'none');
INSERT INTO public.comments (id, post_id, author_id, timestamp, message, author) VALUES (23, 7, 2, '2022-05-01 12:04:51.984852', '4', 'none');
INSERT INTO public.comments (id, post_id, author_id, timestamp, message, author) VALUES (24, 7, 2, '2022-05-01 12:05:10.927944', '5', 'none');
INSERT INTO public.comments (id, post_id, author_id, timestamp, message, author) VALUES (25, 7, 2, '2022-05-01 12:05:12.789397', '6', 'none');
INSERT INTO public.comments (id, post_id, author_id, timestamp, message, author) VALUES (26, 7, 2, '2022-05-01 12:05:21.989904', '7', 'none');
INSERT INTO public.comments (id, post_id, author_id, timestamp, message, author) VALUES (27, 14, 4, '2022-05-01 12:07:39.462170', 'b....', 'none');
INSERT INTO public.comments (id, post_id, author_id, timestamp, message, author) VALUES (28, 16, 4, '2022-05-01 12:08:53.622472', 'говно какое то ', 'none');
INSERT INTO public.comments (id, post_id, author_id, timestamp, message, author) VALUES (29, 16, 6, '2022-05-01 12:13:34.655925', 'действительно говно', 'none');
INSERT INTO public.comments (id, post_id, author_id, timestamp, message, author) VALUES (30, 16, 3, '2022-05-01 12:14:03.756183', 'ну и говнище', 'none');
INSERT INTO public.comments (id, post_id, author_id, timestamp, message, author) VALUES (31, 16, 2, '2022-05-01 12:14:28.349517', 'редкостное говно', 'none');
INSERT INTO public.comments (id, post_id, author_id, timestamp, message, author) VALUES (32, 16, 4, '2022-05-01 12:18:03.332464', 'как жаль(', 'none');
INSERT INTO public.comments (id, post_id, author_id, timestamp, message, author) VALUES (33, 15, 4, '2022-05-01 12:27:03.795949', '1', 'none');
INSERT INTO public.comments (id, post_id, author_id, timestamp, message, author) VALUES (34, 15, 4, '2022-05-01 12:27:05.741117', '2', 'none');
INSERT INTO public.comments (id, post_id, author_id, timestamp, message, author) VALUES (35, 15, 4, '2022-05-01 12:27:08.817330', '3', 'none');
INSERT INTO public.comments (id, post_id, author_id, timestamp, message, author) VALUES (36, 15, 4, '2022-05-01 12:27:10.495212', '4', 'none');
INSERT INTO public.comments (id, post_id, author_id, timestamp, message, author) VALUES (37, 15, 4, '2022-05-01 12:27:12.894726', '5', 'none');
INSERT INTO public.comments (id, post_id, author_id, timestamp, message, author) VALUES (38, 15, 6, '2022-05-01 12:27:48.114217', '6', 'none');
INSERT INTO public.comments (id, post_id, author_id, timestamp, message, author) VALUES (39, 15, 6, '2022-05-01 12:27:50.246106', '7', 'none');
INSERT INTO public.comments (id, post_id, author_id, timestamp, message, author) VALUES (40, 15, 6, '2022-05-01 12:27:52.598175', '8', 'none');
INSERT INTO public.comments (id, post_id, author_id, timestamp, message, author) VALUES (41, 15, 6, '2022-05-01 12:27:54.781158', '9', 'none');
INSERT INTO public.comments (id, post_id, author_id, timestamp, message, author) VALUES (42, 15, 6, '2022-05-01 12:27:57.527820', '10', 'none');
INSERT INTO public.comments (id, post_id, author_id, timestamp, message, author) VALUES (43, 15, 3, '2022-05-01 12:28:16.354145', '11', 'none');
INSERT INTO public.comments (id, post_id, author_id, timestamp, message, author) VALUES (44, 15, 3, '2022-05-01 12:28:19.497381', '12', 'none');
INSERT INTO public.comments (id, post_id, author_id, timestamp, message, author) VALUES (45, 15, 3, '2022-05-01 12:28:21.229365', '13', 'none');
INSERT INTO public.comments (id, post_id, author_id, timestamp, message, author) VALUES (46, 15, 3, '2022-05-01 12:28:24.589255', '14', 'none');
INSERT INTO public.comments (id, post_id, author_id, timestamp, message, author) VALUES (47, 15, 3, '2022-05-01 12:28:27.006443', '15', 'none');
INSERT INTO public.comments (id, post_id, author_id, timestamp, message, author) VALUES (48, 15, 2, '2022-05-01 12:28:51.653792', '16', 'none');
INSERT INTO public.comments (id, post_id, author_id, timestamp, message, author) VALUES (51, 15, 2, '2022-05-01 12:29:00.436658', '19', 'none');
INSERT INTO public.comments (id, post_id, author_id, timestamp, message, author) VALUES (52, 15, 2, '2022-05-01 12:29:03.259594', '20', 'none');
INSERT INTO public.comments (id, post_id, author_id, timestamp, message, author) VALUES (49, 14, 6, '2022-05-01 12:39:35.305994', 'это дрисня какая то', 'none');
INSERT INTO public.comments (id, post_id, author_id, timestamp, message, author) VALUES (50, 21, 6, '2022-05-01 12:39:52.644871', 'ставил лайк', 'none');

INSERT INTO public.likes_m2m_post (id, author_id, post_id, li) VALUES (75, 4, 14, 0);
INSERT INTO public.likes_m2m_post (id, author_id, post_id, li) VALUES (64, 4, 16, 1);
INSERT INTO public.likes_m2m_post (id, author_id, post_id, li) VALUES (81, 6, 16, 1);
INSERT INTO public.likes_m2m_post (id, author_id, post_id, li) VALUES (74, 2, 16, 1);
INSERT INTO public.likes_m2m_post (id, author_id, post_id, li) VALUES (68, 4, 19, 1);
INSERT INTO public.likes_m2m_post (id, author_id, post_id, li) VALUES (83, 4, 18, 1);
INSERT INTO public.likes_m2m_post (id, author_id, post_id, li) VALUES (84, 4, 17, 1);
INSERT INTO public.likes_m2m_post (id, author_id, post_id, li) VALUES (85, 4, 15, 0);
INSERT INTO public.likes_m2m_post (id, author_id, post_id, li) VALUES (86, 2, 19, 1);
INSERT INTO public.likes_m2m_post (id, author_id, post_id, li) VALUES (87, 2, 17, 1);
INSERT INTO public.likes_m2m_post (id, author_id, post_id, li) VALUES (88, 2, 18, 1);
INSERT INTO public.likes_m2m_post (id, author_id, post_id, li) VALUES (89, 2, 14, 0);
INSERT INTO public.likes_m2m_post (id, author_id, post_id, li) VALUES (92, 6, 14, 0);
INSERT INTO public.likes_m2m_post (id, author_id, post_id, li) VALUES (95, 6, 20, 0);
INSERT INTO public.likes_m2m_post (id, author_id, post_id, li) VALUES (96, 6, 12, 0);
INSERT INTO public.likes_m2m_post (id, author_id, post_id, li) VALUES (97, 6, 11, 0);
INSERT INTO public.likes_m2m_post (id, author_id, post_id, li) VALUES (98, 6, 7, 0);
INSERT INTO public.likes_m2m_post (id, author_id, post_id, li) VALUES (99, 6, 4, 0);
INSERT INTO public.likes_m2m_post (id, author_id, post_id, li) VALUES (82, 6, 10, 0);
INSERT INTO public.likes_m2m_post (id, author_id, post_id, li) VALUES (100, 6, 8, 0);
INSERT INTO public.likes_m2m_post (id, author_id, post_id, li) VALUES (101, 6, 1, 0);
INSERT INTO public.likes_m2m_post (id, author_id, post_id, li) VALUES (102, 2, 20, 0);
INSERT INTO public.likes_m2m_post (id, author_id, post_id, li) VALUES (103, 2, 11, 0);
INSERT INTO public.likes_m2m_post (id, author_id, post_id, li) VALUES (104, 2, 7, 0);
INSERT INTO public.likes_m2m_post (id, author_id, post_id, li) VALUES (105, 2, 4, 0);
INSERT INTO public.likes_m2m_post (id, author_id, post_id, li) VALUES (106, 2, 10, 0);
INSERT INTO public.likes_m2m_post (id, author_id, post_id, li) VALUES (107, 2, 8, 0);
INSERT INTO public.likes_m2m_post (id, author_id, post_id, li) VALUES (108, 2, 1, 0);
INSERT INTO public.likes_m2m_post (id, author_id, post_id, li) VALUES (109, 3, 20, 0);
INSERT INTO public.likes_m2m_post (id, author_id, post_id, li) VALUES (110, 3, 12, 0);
INSERT INTO public.likes_m2m_post (id, author_id, post_id, li) VALUES (111, 3, 11, 0);
INSERT INTO public.likes_m2m_post (id, author_id, post_id, li) VALUES (112, 3, 7, 0);
INSERT INTO public.likes_m2m_post (id, author_id, post_id, li) VALUES (113, 3, 4, 0);
INSERT INTO public.likes_m2m_post (id, author_id, post_id, li) VALUES (114, 3, 10, 0);
INSERT INTO public.likes_m2m_post (id, author_id, post_id, li) VALUES (115, 3, 8, 0);
INSERT INTO public.likes_m2m_post (id, author_id, post_id, li) VALUES (116, 3, 1, 0);
INSERT INTO public.likes_m2m_post (id, author_id, post_id, li) VALUES (117, 3, 14, 0);
INSERT INTO public.likes_m2m_post (id, author_id, post_id, li) VALUES (61, 2, 12, 0);
INSERT INTO public.pictures (id, name) VALUES (9, 'tosongMetallica.png');
INSERT INTO public.pictures (id, name) VALUES (3, 'defAvatar1.png');
INSERT INTO public.pictures (id, name) VALUES (23, 'defAvatar2.png');
INSERT INTO public.pictures (id, name) VALUES (16, 'content.png');
INSERT INTO public.pictures (id, name) VALUES (5, 'radio.png');
INSERT INTO public.pictures (id, name) VALUES (13, 'radio.png');
INSERT INTO public.pictures (id, name) VALUES (6, 'radio.png');
INSERT INTO public.pictures (id, name) VALUES (8, 'sunset-d863fdd4.png');
INSERT INTO public.pictures (id, name) VALUES (10, 'content.png');
INSERT INTO public.pictures (id, name) VALUES (14, 'Rectangle 46.png');
INSERT INTO public.pictures (id, name) VALUES (15, '');
INSERT INTO public.pictures (id, name) VALUES (7, '');
INSERT INTO public.pictures (id, name) VALUES (17, 'Unknown-7.png');
INSERT INTO public.pictures (id, name) VALUES (1008, 'sunset-d863fdd4.png');
INSERT INTO public.pictures (id, name) VALUES (119, 'radio.png');
INSERT INTO public.pictures (id, name) VALUES (1204, 'radio.png');
INSERT INTO public.pictures (id, name) VALUES (301, 'Снимок экрана (508).png');
INSERT INTO public.pictures (id, name) VALUES (875, 'front.png');
INSERT INTO public.pictures (id, name) VALUES (1106, 'front.png');
INSERT INTO public.pictures (id, name) VALUES (126, 'front.png');
INSERT INTO public.pictures (id, name) VALUES (420, 'front.png');
INSERT INTO public.pictures (id, name) VALUES (714, 'front.png');
INSERT INTO public.pictures (id, name) VALUES (966, 'front.png');
INSERT INTO public.pictures (id, name) VALUES (133, 'front.png');
INSERT INTO public.pictures (id, name) VALUES (77, 'front.png');
INSERT INTO public.pictures (id, name) VALUES (1113, 'front.png');
INSERT INTO public.pictures (id, name) VALUES (1379, 'front.png');
INSERT INTO public.pictures (id, name) VALUES (1218, 'front.png');
INSERT INTO public.pictures (id, name) VALUES (1085, 'front.png');
INSERT INTO public.pictures (id, name) VALUES (294, 'logoalexs.png');
INSERT INTO public.pictures (id, name) VALUES (999, 'kaleoava.png');
INSERT INTO public.pictures (id, name) VALUES (1, 'defAvatar2.png');
INSERT INTO public.pictures (id, name) VALUES (868, 'folder.png');
INSERT INTO public.pictures (id, name) VALUES (497, 'folder.png');
INSERT INTO public.pictures (id, name) VALUES (749, 'folder.png');
INSERT INTO public.pictures (id, name) VALUES (1148, 'folder.png');
INSERT INTO public.pictures (id, name) VALUES (168, 'folder.png');
INSERT INTO public.pictures (id, name) VALUES (483, 'folder.png');
INSERT INTO public.pictures (id, name) VALUES (1533, 'logoalexs.png');
INSERT INTO public.pictures (id, name) VALUES (12, 'alexava.png');
INSERT INTO public.pictures (id, name) VALUES (1519, 'logoalexs.png');
INSERT INTO public.pictures (id, name) VALUES (581, 'logoalexs.png');
INSERT INTO public.pictures (id, name) VALUES (770, 'image_2021-12-23_19-31-42.png');
INSERT INTO public.pictures (id, name) VALUES (756, 'image_2021-05-20_02-01-42.png');
INSERT INTO public.pictures (id, name) VALUES (840, 'image_2021-06-14_01-10-55.png');
INSERT INTO public.pictures (id, name) VALUES (637, 'image_2021-06-14_01-14-02.png');
INSERT INTO public.pictures (id, name) VALUES (715, 'front.png');
INSERT INTO public.pictures (id, name) VALUES (546, 'folder.png');
INSERT INTO public.pictures (id, name) VALUES (553, 'Chart.png');

INSERT INTO public.posts (id, author_id, message, picture_id, song_name, timestamp) VALUES (1, 2, 'Nirvana new song listen every one SONG: Something in the way AUTHOR:Nirvana ', 16, 'Something in the way', '2022-04-28 11:10:10.930528');
INSERT INTO public.posts (id, author_id, message, picture_id, song_name, timestamp) VALUES (8, 2, 'ANOTHER Some post....with Picture', 16, '', '2022-04-28 11:10:11.042616');
INSERT INTO public.posts (id, author_id, message, picture_id, song_name, timestamp) VALUES (10, 2, 'Hello from client ', 5, '3', '2022-04-28 15:17:20.780285');
INSERT INTO public.posts (id, author_id, message, picture_id, song_name, timestamp) VALUES (4, 2, 'HELLO with same pic', 6, '', '2022-04-28 15:18:57.061238');
INSERT INTO public.posts (id, author_id, message, picture_id, song_name, timestamp) VALUES (7, 2, 'Привет это новый пост ', 14, '', '2022-04-29 17:04:20.935805');
INSERT INTO public.posts (id, author_id, message, picture_id, song_name, timestamp) VALUES (11, 2, 'ПРивет это новый пост????', 1008, '', '2022-04-29 17:21:41.533788');
INSERT INTO public.posts (id, author_id, message, picture_id, song_name, timestamp) VALUES (12, 2, 'FFFFFFFFF FFFFFFFFFFFF FFFFFFFFFFFFFF FFFFFFFFFFFFFF FFFFFFFFFFFFFFF FFFFFFFFFFFFFF FFFFFFFFFFFFF FFFFFFFFFFFFFF FFFFFFFFFFFFFF FFFFFFFFFFFFF FFFFFFFFFFF FFFFFFFFFFFFFF FFFFFFFFFF FFFFFFFFFF FFFFFFFFFFF FFFFFFFFFF FFFFFFFFFFF FFFFFFFFFFFFF FFFFFFFFFFFFFFFF FFFFFFFFFFFFFFFFFF', 581, '', '2022-04-29 18:17:22.193000');
INSERT INTO public.posts (id, author_id, message, picture_id, song_name, timestamp) VALUES (14, 6, 'Загрузил альбом A\B', 637, '', '2022-05-01 11:16:25.507043');
INSERT INTO public.posts (id, author_id, message, picture_id, song_name, timestamp) VALUES (15, 3, 'Новый трек!!!', 581, '', '2022-05-01 11:50:11.394507');
INSERT INTO public.posts (id, author_id, message, picture_id, song_name, timestamp) VALUES (16, 4, 'Абсолютно новый пост', 770, '', '2022-05-01 12:08:34.316640');
INSERT INTO public.posts (id, author_id, message, picture_id, song_name, timestamp) VALUES (17, 4, 'очередное говнище ', 756, '', '2022-05-01 12:21:29.926989');
INSERT INTO public.posts (id, author_id, message, picture_id, song_name, timestamp) VALUES (18, 4, '1 пост ', 840, '', '2022-05-01 12:24:32.533285');
INSERT INTO public.posts (id, author_id, message, picture_id, song_name, timestamp) VALUES (19, 4, '2 пост', 637, '', '2022-05-01 12:25:22.760055');
INSERT INTO public.posts (id, author_id, message, picture_id, song_name, timestamp) VALUES (20, 2, 'Какой то пост?', 715, '', '2022-05-01 12:36:22.476433');
INSERT INTO public.posts (id, author_id, message, picture_id, song_name, timestamp) VALUES (21, 6, 'точно альбом A/B', 546, '', '2022-05-01 12:39:13.745308');
INSERT INTO public.posts (id, author_id, message, picture_id, song_name, timestamp) VALUES (22, 3, 'еще пост!!!', 553, '', '2022-05-01 12:46:11.577469');

INSERT INTO public.songs (id, name, author, lasting, raiting, gengre) VALUES (42, 'Something in the way...', 'Nirvana', 2.5, 3.5, 'Rock');
INSERT INTO public.songs (id, name, author, lasting, raiting, gengre) VALUES (1, 'Something in the way...', 'Nirvana', 232, 3.5, 'Rock');
INSERT INTO public.songs (id, name, author, lasting, raiting, gengre) VALUES (2, 'Better off this way', 'Nirvana', 2.5, 3.5, 'Rock');
INSERT INTO public.songs (id, name, author, lasting, raiting, gengre) VALUES (4, 'Better off this way', 'A day to remember', 206, 3.5, 'Rock');
INSERT INTO public.songs (id, name, author, lasting, raiting, gengre) VALUES (5, 'Better off this way', 'A day to remember', 206, 3.5, 'Rock');
INSERT INTO public.songs (id, name, author, lasting, raiting, gengre) VALUES (7, 'Гори ясно', 'Nirvana', 192.806482, null, null);
INSERT INTO public.songs (id, name, author, lasting, raiting, gengre) VALUES (8, 'Гори ясно', 'Nirvana', 192.806482, null, null);
INSERT INTO public.songs (id, name, author, lasting, raiting, gengre) VALUES (9, 'Гори ясно', 'Nirvana', 192.806482, null, null);
INSERT INTO public.songs (id, name, author, lasting, raiting, gengre) VALUES (10, 'Волчек', 'Nirvana', 57.384, null, null);
INSERT INTO public.songs (id, name, author, lasting, raiting, gengre) VALUES (11, 'In Bloom', 'Nirvana', 254.95072, null, null);
INSERT INTO public.songs (id, name, author, lasting, raiting, gengre) VALUES (12, 'Come As You Are', 'Nirvana', 219.398678, null, null);
INSERT INTO public.songs (id, name, author, lasting, raiting, gengre) VALUES (13, ' Breed', 'Nirvana', 183.63766, null, null);
INSERT INTO public.songs (id, name, author, lasting, raiting, gengre) VALUES (14, 'Something In The Way', 'Nirvana', 229.61238, null, null);
INSERT INTO public.songs (id, name, author, lasting, raiting, gengre) VALUES (15, 'Polly', 'Nirvana', 177.054916, null, null);
INSERT INTO public.songs (id, name, author, lasting, raiting, gengre) VALUES (16, 'Drain You', 'Nirvana', 223.917784, null, null);
INSERT INTO public.songs (id, name, author, lasting, raiting, gengre) VALUES (17, 'Lounge Act', 'Nirvana', 156.627512, null, null);
INSERT INTO public.songs (id, name, author, lasting, raiting, gengre) VALUES (18, 'Endless, Nameless (Hidden Track)', 'Nirvana', 407.006882, null, null);
INSERT INTO public.songs (id, name, author, lasting, raiting, gengre) VALUES (19, 'Lithium', 'Nirvana', 257.014358, null, null);
INSERT INTO public.songs (id, name, author, lasting, raiting, gengre) VALUES (20, 'Lithium', 'Nirvana', 257.014358, null, null);
INSERT INTO public.songs (id, name, author, lasting, raiting, gengre) VALUES (21, 'Stay Away', 'Nirvana', 212.528592, null, null);
INSERT INTO public.songs (id, name, author, lasting, raiting, gengre) VALUES (22, 'Territorial Pissings 2', 'Nirvana', 143.383658, null, null);
INSERT INTO public.songs (id, name, author, lasting, raiting, gengre) VALUES (23, 'VAMPIR', 'alexs', 143.644878, null, null);
INSERT INTO public.songs (id, name, author, lasting, raiting, gengre) VALUES (43, 'Гори ясно', 'alexs', 192, 3.5, 'RAP');
INSERT INTO public.songs (id, name, author, lasting, raiting, gengre) VALUES (24, 'No Good', 'KALEO', 236.116758, null, null);
INSERT INTO public.songs (id, name, author, lasting, raiting, gengre) VALUES (25, 'Way Down We Go', 'KALEO', 219.633776, null, null);
INSERT INTO public.songs (id, name, author, lasting, raiting, gengre) VALUES (26, 'Broken Bones', 'KALEO', 246.016996, null, null);
INSERT INTO public.songs (id, name, author, lasting, raiting, gengre) VALUES (27, 'Glass House', 'KALEO', 241.602378, null, null);
INSERT INTO public.songs (id, name, author, lasting, raiting, gengre) VALUES (28, 'All The Pretty Girls', 'KALEO', 269.944748, null, null);
INSERT INTO public.songs (id, name, author, lasting, raiting, gengre) VALUES (29, 'I Can''t Go On Without You', 'KALEO', 377.07107, null, null);
INSERT INTO public.songs (id, name, author, lasting, raiting, gengre) VALUES (31, 'VAMPIR', 'alexs', 143.644878, null, null);

INSERT INTO public.songs_data (id, song_id, author_id, song_name, picture_id) VALUES (5, 9, 2, 'Гори ясно   ATL.mp3', 1204);
INSERT INTO public.songs_data (id, song_id, author_id, song_name, picture_id) VALUES (6, 10, 2, 'Волчок   Что  где  когда.mp3', 301);
INSERT INTO public.songs_data (id, song_id, author_id, song_name, picture_id) VALUES (7, 11, 2, '02. In Bloom.mp3', 875);
INSERT INTO public.songs_data (id, song_id, author_id, song_name, picture_id) VALUES (8, 12, 2, '03. Come As You Are.mp3', 1106);
INSERT INTO public.songs_data (id, song_id, author_id, song_name, picture_id) VALUES (9, 13, 2, '04. Breed.mp3', 126);
INSERT INTO public.songs_data (id, song_id, author_id, song_name, picture_id) VALUES (10, 14, 2, '12. Something In The Way.mp3', 420);
INSERT INTO public.songs_data (id, song_id, author_id, song_name, picture_id) VALUES (11, 15, 2, '06. Polly.mp3', 714);
INSERT INTO public.songs_data (id, song_id, author_id, song_name, picture_id) VALUES (12, 24, 6, '01 No Good.mp3', 868);
INSERT INTO public.songs_data (id, song_id, author_id, song_name, picture_id) VALUES (13, 25, 6, '02 Way Down We Go.mp3', 497);
INSERT INTO public.songs_data (id, song_id, author_id, song_name, picture_id) VALUES (14, 26, 6, '03 Broken Bones.mp3', 749);
INSERT INTO public.songs_data (id, song_id, author_id, song_name, picture_id) VALUES (15, 27, 6, '04 Glass House.mp3', 1148);
INSERT INTO public.songs_data (id, song_id, author_id, song_name, picture_id) VALUES (16, 28, 6, '06 All The Pretty Girls.mp3', 168);
INSERT INTO public.songs_data (id, song_id, author_id, song_name, picture_id) VALUES (17, 29, 6, '10 I Can''t Go On Without You.mp3', 483);
INSERT INTO public.songs_data (id, song_id, author_id, song_name, picture_id) VALUES (19, 31, 3, 'IC3PEAK_Oli_Sykes_Bring_Me_The_Horizon_VAMPIR.mp3', 1519);

INSERT INTO public.songs_m2m_post (id, post_id, song_data_id) VALUES (1, 1, 14);
INSERT INTO public.songs_m2m_post (id, post_id, song_data_id) VALUES (2, 1, 15);

INSERT INTO public.users_data (id, name, picture_id) VALUES (2, 'Nirvana', 1);
INSERT INTO public.users_data (id, name, picture_id) VALUES (3, 'alexs', 12);
INSERT INTO public.users_data (id, name, picture_id) VALUES (4, 'olegsidor538', 13);
INSERT INTO public.users_data (id, name, picture_id) VALUES (6, 'KALEO', 999);
